<?xml version="1.0" encoding="UTF-8"?>
<ExtensionManifest Version="7.0" ExtensionBundleId="com.autocut.v13.panel" xmlns:xsi="http://www.w3.org/2001/XMLSchema-instance">
    <ExtensionList>
        <Extension Id="com.autocut.v13.panel" Version="1.0.0" />
    </ExtensionList>
    <ExecutionEnvironment>
        <HostList>
            <Host Name="PPRO" Version="[12.0,99.9]" />
        </HostList>
        <LocaleList>
            <Locale Code="All" />
        </LocaleList>
        <RequiredRuntimeList>
            <RequiredRuntime Name="CSXS" Version="9.0" />
        </RequiredRuntimeList>
    </ExecutionEnvironment>
    <DispatchInfoList>
        <Extension Id="com.autocut.v13.panel">
            <DispatchInfo >
                <Resources>
                    <MainPath>./index.html</MainPath>
                    <ScriptPath>./host.jsx</ScriptPath>
                </Resources>
                <Lifecycle>
                    <AutoVisible>true</AutoVisible>
                </Lifecycle>
                <UI>
                    <Type>Panel</Type>
                    <Menu>AutoCut V13</Menu>
                    <Geometry>
                        <Size>
                            <Height>400</Height>
                            <Width>300</Width>
                        </Size>
                        <MinSize>
                            <Height>200</Height>
                            <Width>200</Width>
                        </MinSize>
                        <MaxSize>
                            <Height>800</Height>
                            <Width>600</Width>
                        </MaxSize>
                    </Geometry>
                </UI>
            </DispatchInfo>
        </Extension>
    </DispatchInfoList>
</ExtensionManifest>
